{
 "loss": 1.9023913145065308,
 "accuracy": 0.6280143857002258
}