{
 "loss": 1.9514291286468506,
 "accuracy": 0.5900461673736572
}